Patient ID	Adenoma ID	Germ line APC mutation (nucleotide; codon)	Somatic APC mutation (nucleotide; codon)	Adenoma size, mm	Germline Region	Somatic Region
N-1144	249a	502 A>T; R168X	4192 del 2bp; 1398 FS	4	R0	R2
N-1144	249b	502 A>T; R168X	4316 del 1bp; 1439 FS	3.5	R0	R2
N-1144	315	502 A>T; R168X	4132 C>T; Q1371X	5.5	R0	R2
N-1154	203	1495 C>T; R499X	4466 ins 2bp; 1489 FS	4.5	R0	R3
N-1154	298	1495 C>T; R499X	4393 del 2bp; 1465 FS	8	R0	R2
N-1154	300	1495 C>T; R499X	4012 C>T; Q1338X	6	R0	R1
N-1154	301	1495 C>T; R499X	4317 del 1bp; 1439 FS	5	R0	R2
N-1154	312	1495 C>T; R499X	3927 del 5bp; 1309 FS	7.5	R0	R1
N-1154	340	1495 C>T; R499X	3916 G>T, E1306X	5	R0	R1
N-1154	352	1495 C>T; R499X	4348 del 4bp; 1450 FS	5	R0	R2
N-1154	240	1495 C>T; R499X	3927 del 5bp; 1309 FS	6.5	R0	R1
N-1154	243	1495 C>T; R499X	3927 del 5bp; 1309 FS	5.5	R0	R1
N-1154	259	1495 C>T; R499X	4216 C>T; Q1406X	6	R0	R2
N-1154	264	1495 C>T; R499X	3927 del 5bp; 1309 FS	5	R0	R1
N-1154	350	1495 C>T; R499X	4277 del 1bp; 1426 FS	6	R0	R2
N-1154	374	1495 C>T; R499X	4466 del 1bp; 1489 FS	5	R0	R3
N-1154	194b	1495 C>T; R499X	4316 del 1bp; 1439 FS	6	R0	R2
N-117	155a	1842 ins 1 bp; 614 FS	4484 ins 1bp; 1495 FS	2.5	R0	R3
N-117	155b	1842 ins 1 bp; 614 FS	4306 del 13bp; 1436 FS	2.5	R0	R2
N-117	155c	1842 ins 1 bp; 614 FS	4446 del 10bp; 1482 FS	1	R0	R2
N-1263	17	3183 del 5 bp; 1061 FS	4312 del 1bp; 1438 FS	2	R0	R2
N-1263	135b	3183 del 5 bp; 1061 FS	3905 del 1bp; 1302 FS	1.5	R0	R1
N-1016	308	3863 del 1bp; 1287 FS	LOH	5.5	R1	LOH
N-609	1	3887 ins 13 bp; 1296 FS	LOH	3	R1	LOH
N-609	2	3887 ins 13 bp; 1296 FS	LOH	3	R1	LOH
N-609	5	3887 ins 13 bp; 1296 FS	LOH	3	R1	LOH
N-609	6	3887 ins 13 bp; 1296 FS	LOH	3	R1	LOH
N-609	8	3887 ins 13 bp; 1296 FS	LOH	3	R1	LOH
N-609	10	3887 ins 13 bp; 1296 FS	LOH	3	R1	LOH
N-1026	258	3907 C>T; Q1303X	LOH	4.5	R1	LOH
N-1026	335	3907 C>T; Q1303X	LOH	6	R1	LOH
N-283	347	3927 del 5bp; 1309 FS	LOH	4.5	R1	LOH
N-1066	187	3927 del 5bp; 1309 FS	LOH	7	R1	LOH
N-1633	292	3927 del 5bp; 1309 FS	LOH	6	R1	LOH
N-220	399	3927 del 5bp; 1309 FS	LOH	7	R1	LOH
N-127	128a	3927 del 5bp; 1309 FS	LOH	5	R1	LOH
N-127	128b	3927 del 5bp; 1309 FS	LOH	5	R1	LOH
N-127	128c	3927 del 5bp; 1309 FS	LOH	5	R1	LOH
N-127	129	3927 del 5bp; 1309 FS	LOH	1	R1	LOH
N-127	130	3927 del 5bp; 1309 FS	LOH	5	R1	LOH
N-127	131b	3927 del 5bp; 1309 FS	LOH	3	R1	LOH
N-127	131c	3927 del 5bp; 1309 FS	LOH	3	R1	LOH
N-127	131d	3927 del 5bp; 1309 FS	LOH	3	R1	LOH
N-907	3	3927 del 5bp; 1309 FS	LOH	3	R1	LOH
N-907	5	3927 del 5bp; 1309 FS	LOH	3	R1	LOH
N-907	8	3927 del 5bp; 1309 FS	LOH	3	R1	LOH
N-205	206	3927 del 5bp; 1309 FS	LOH	1	R1	LOH
N-205	207	3927 del 5bp; 1309 FS	LOH	1	R1	LOH
N-205	208	3927 del 5bp; 1309 FS	LOH	1	R1	LOH
N-205	209	3927 del 5bp; 1309 FS	LOH	1	R1	LOH
N-205	1974/92/B	3927 del 5bp; 1309 FS	LOH	11	R1	LOH
N-458	1	3927 del 5bp; 1309 FS	LOH	12	R1	LOH
52701	2929-M	3927 del 5bp; 1309 FS	LOH	6	R1	LOH
N-610	5	3927 del 5bp; 1309 FS	LOH	12.5	R1	LOH
N-351	2	4392 del 2bp; 1464 FS	LOH	3	R1	LOH
