Patient	Tumor	Size (mm)	Germline Codon	Germline mutation	Germilne 20AARs	Somatic	Germline mutation	Somatic 20AARs	Germline Region	Somatic Region
PLK141	PLK141-A1		169–71	ATAG del	0	1469	CAA > TAA	2	R0	R2
PLK141	PLK141-A5					1411	T del	2	R0	R2
PLK141	PLK141-A6	6				1462–5	AG del	2	R0	R2
PLK141	PLK141-A8	6				1419–20	CC ins	2	R0	R2
PLK141	PLK141-IMC2					1462–5	AG del	2	R0	R2
PLK141	PLK141-IMC3					1518–23	13b del	3	R0	R3
PLK89	PLK89-A5	10	203	C ins	0	1450	CGA > TGA	2	R0	R2
PLK89	PLK89-A6	10				1450	CGA > TGA	2	R0	R2
PLK89	PLK89-A10	5				1307–11	AAAAG del	1	R0	R1
PLK21	PLK21-IVC		213	CGA > TGA	0	1554–6	A ins	3	R0	R3
PLK53	PLK53-A1	20	214	C ins	0	1378	CAG > TAG	1	R0	R1
PLK53	PLK53-A3	4				1450	CGA > TGA	2	R0	R2
PLK53	PLK53-A5	2				1438	A del	2	R0	R2
PLK160	PLK160-A5	6	283	CGA > TGA	0	1406	CAG >TAG	2	R0	R2
PLK160	PLK160-A10	6				1307–11	AAAAG del	1	R0	R1
PLK160	PLK160-A11	<3				1291	CA del	1	R0	R1
PLK160	PLK160A16	5				1435–6	A del	2	R0	R2
PLK160	PLK160-A17	5				1430	C del	2	R0	R2
PLK160	PLK160-A18	<3				1307–11	AAAAG del	1	R0	R1
PLK160	PLK160-A19	<3				1488–91	8b del	2	R0	R2
PLK160	PLK160-A20	<3				1307–11	AAAAG del	1	R0	R1
PLK160	PLK160-A21	<3				1494–5	A ins	2	R0	R2
PLK160	PLK160-IMC3	17				1490	T del	2	R0	R2
PLK160	PLK160-IMC6	6				1488	TA ins	2	R0	R2
PLK160	PLK160-IMC7	6				1306	GAA >TAA	1	R0	R1
PLK160	PLK160-IMC22	25				1450	CGA > TGA	2	R0	R2
PLK160	PLK160-IMC23	30				1450	CGA > TGA	2	R0	R2
PLK160	PLK160-IVC24	50				1490	A del	2	R0	R2
PLK66	PLK66-A3	10	586–7	A del	0	1450	CGA > TGA	2	R0	R2
PLK66	PLK66-A8	10				1378	CAG > TAG	1	R0	R1
PLK60	PLK60-IMC5	5	622	TAC > TAA	0	1415	G del	2	R0	R2
PLK60	PLK60-IVC					1487–90	8b ins	2	R0	LOH
PLK73	PLK73-A1	15	857–8	5b del	0	1462–5	AG del	2	R0	LOH
PLK73	PLK73-A5	5				1413–4	G del	2	R0	LOH
PLK138	PLK138-A4	6	932	TCA > TGA	0	1410	TGC >TGA	2	R0	LOH
PLK59	PLK59-IVC		1061–2	AAAC del	0	LOH		0	R0	LOH
PLK87	PLK87-A1	17	1102	TAC > TAA	0	1437–8	A del	2	R0	R2
PLK87	PLK87-A3	15				1453	C del	2	R0	R2
PLK87	PLK87-A4	30				1487–8	T ins	2	R0	R2
PLK87	PLK87-A9	8				1564	T ins	3	R0	R3
PLK87	PLK87-A10	8				1413–4	G del	2	R0	R2
PLK87	PLK87-A14	10				1493–4	AG del	2	R0	R2
PLK87	PLK87-A16	5				1431	T del	2	R0	R2
PLK87	PLK87-A17	5				1450	CGA > TGA	2	R0	R2
PLK87	PLK87-IMC2	15				1450	CGA > TGA	2	R0	R2
PLK87	PLK87-IMC4	15				1443	C del	2	R0	R2
PLK87	PLK87-IVC3	20				1414	T del	2	R0	R2
PLK17	PLK17-A1	>20	1307–11	AAAAG del	1	LOH		0	R1	LOH
PLK17	PLK17-A2	>20				LOH		0	R1	LOH
PLK17	PLK17-A3	>20				LOH		0	R1	LOH
PLK88	PLK88-A3	5	1307–11	AAAAG del	1	1309FS	TTAC del	0	R1	R1
PLK94	PLK94-IMC1	40	1307–11	AAAAG del	1	1462–5	AG del	2	R1	R2
PLK120	PLK120-A1	10	1307–11	AAAAG del	1	LOH		0	R1	LOH
PLK120	PLK120-A2	20				LOH		0	R1	LOH
PLK120	PLK120-A3	20				LOH		0	R1	LOH
PLK120	PLK120-A4	7				LOH		0	R1	LOH
PLK120	PLK120-A5	10				LOH		0	R1	LOH
PLK120	PLK120-IMC1	15				LOH		0	R1	LOH
PLK121	PLK121-IMC2	13	1307–11	AAAAG del	1	LOH		0	R1	LOH
PLK121	PLK121-IMC3	10				LOH		0	R1	LOH
PLK121	PLK121-IMC4	15				LOH		0	R1	LOH
PLK121	PLK121-IMC5	8				LOH		0	R1	LOH
PLK121	PLK121-IMC6	30				LOH		0	R1	LOH
PLK121	PLK121-IVC					LOH		0	R1	LOH
PLK122	PLK122-IMC1	30	1307–11	AAAAG del	1	LOH		0	R1	LOH
PLK122	PLK122-IMC2	20				LOH		0	R1	LOH
PLK122	PLK122-IMC3	10				LOH		0	R1	LOH
PLK122	PLK122-IVC					LOH		0	R1	LOH
PLK452	PLK452-A1	13	1307–11	AAAAG del	1	LOH		0	R1	LOH
PLK452	PLK452-A2	12				LOH		0	R1	LOH
PLK452	PLK452-A3	9				LOH		0	R1	LOH
PLK452	PLK452-A4	6				LOH		0	R1	LOH
PLK452	PLK452-IVC1	50				LOH		0	R1	LOH
PLK452	PLK452-IVC2	18				LOH		0	R1	LOH
PLK452	PLK452-IVC3	19				LOH		0	R1	LOH
PLK42	PLK42-A2	10	1462–5	AGAG del	2	LOH		0	R2	LOH
PLK62	PLK62-A1	25	1556	A ins	3	LOH		0	R3	LOH
PLK62	PLK62-A3	27				LOH		0	R3	LOH
PLK72	PLK72-A2	20	1556	T del	3	LOH		0	R3	LOH
PLK72	PLK72-IVC					LOH		0	R3	LOH
PLK214	PLK214-A1	10	1578	TG del	3	1450 LOH1	CGA > TGA	2	R3	LOH
PLK214	PLK214-A3	10				1454–5 LOH1	A ins	2	R3	LOH
PLK214	PLK214-IVC1	40				1450 LOH1	CGA > TGA	2	R3	LOH
PLK253	PLK253-AC	12	1597	T del	3	1472–6	13b del	2	R3	LOH
PLK253	PLK253-AD	10				1412	GGA > TGA	2	R3	R2
PLK253	PLK253-IMC1	15				1307–11	AAAAG del	1	R3	R1
