,Genotype,Counts_MSS,Counts_P,Counts_D,AMER1,AMER1_P,AMER1_D,TCF7L2,TCF7L2_P,TCF7L2_D,SOX9,SOX9_P,SOX9_D,FBXW7,FBXW7_P,FBXW7_D,JUN,JUN_P,JUN_D,BCL9,BCL9_P,BCL9_D,BCL9L,BCL9L_P,BCL9L_D,AXIN2,AXIN2_P,AXIN2_D,AXIN1,AXIN2_P,AXIN1_D,Genotype
0,"0.0, -",67,12,52,0,0,0,9,2,5,7,1,5,4,0,4,0,0,0,2,0,1,3,1,2,1,0,1,0,0,0,"0.0, -"
1,"0.0, x2",51,13,34,3,1,0,7,0,3,5,0,3,4,1,2,1,0,1,5,1,0,1,0,1,2,0,1,0,0,0,"0.0, x2"
2,"1.0, -",88,13,73,1,1,0,9,2,6,8,2,6,10,2,4,0,0,0,3,0,2,4,0,4,0,0,0,0,0,0,"1.0, -"
3,"1.0, x2",130,21,94,1,1,0,23,3,14,12,5,5,14,0,8,0,0,0,4,0,4,1,0,1,3,0,2,0,0,0,"1.0, x2"
4,"2.0, -",156,29,45,6,1,4,11,2,3,6,1,2,8,3,4,0,0,0,2,0,1,2,1,1,3,0,0,0,0,0,"2.0, -"
5,"2.0, x2",34,13,12,8,4,2,0,2,1,7,4,1,12,2,6,2,2,0,0,0,0,3,1,1,0,0,0,0,0,0,"2.0, x2"
6,"3.0, -",28,12,13,2,1,0,2,0,2,3,3,0,4,1,1,1,0,1,0,0,0,0,0,0,0,0,0,1,1,0,"3.0, -"
7,"3.0, x2",13,9,2,2,2,0,0,0,0,6,2,2,0,0,0,0,0,0,0,0,0,0,0,0,0,0,0,0,0,0,"3.0, x2"
8,[0. 0.],35,12,21,0,0,0,4,0,1,2,1,1,8,3,4,1,0,0,1,0,1,2,0,2,0,0,0,0,0,0,[0. 0.]
9,[0. 1.],123,18,88,1,0,1,13,1,8,13,2,6,13,0,12,2,0,1,3,0,3,5,1,4,1,0,1,0,0,0,[0. 1.]
10,[0. 2.],189,86,74,9,5,2,15,6,6,21,8,7,18,7,7,0,0,0,3,1,0,4,1,3,6,6,0,0,0,0,[0. 2.]
11,[0. 3.],92,48,35,11,9,2,10,5,5,11,8,1,6,5,1,1,0,1,1,1,1,5,4,1,0,0,0,0,0,0,[0. 3.]
12,[1. 1.],10,4,3,0,0,0,0,0,0,1,1,0,0,0,0,1,0,0,0,0,0,1,0,0,0,0,0,0,0,0,[1. 1.]
13,[1. 2.],7,2,5,4,2,2,2,1,1,2,1,1,1,0,1,0,0,0,2,0,1,0,0,0,0,0,0,0,0,0,[1. 2.]
14,[1. 3.],2,1,0,1,1,0,0,0,0,0,0,0,1,0,1,0,0,0,0,0,0,0,0,0,0,0,0,0,0,0,[1. 3.]
15,[2. 2.],3,2,0,2,2,0,0,0,0,0,0,1,2,1,0,0,0,0,0,0,0,0,0,0,0,0,0,0,0,0,[2. 2.]
16,[2. 3.],6,5,0,2,0,0,0,0,0,1,1,0,1,0,0,0,0,0,0,0,0,0,0,0,0,0,0,0,0,0,[2. 3.]
17,[3. 3.],3,2,1,0,0,0,0,0,0,1,0,0,0,0,0,0,0,0,0,0,0,0,0,0,0,0,0,0,0,0,[3. 3.]
